metric_name,score_calculated_ts,target,metric_logic,day_score,day_numerator,day_denominator,week_score,week_numerator,week_denominator,month_score,month_numerator,month_denominator,quarter_score,quarter_numerator,quarter_denominator,latest_score_flag
311 CALL CENTER PERFORMANCE,2026-03-25 11:24:49,0.95,sum(numerator_value)/sum(denominator_value)/target,0.980733584227377,873.0,937.0,0.923886791336836,4686.0,5339.0,0.943312314656421,25559.0,28521.0,0.928984895275587,70181.0,79522.0,0
311 CALL CENTER PERFORMANCE,2026-03-31 10:03:57,0.95,sum(numerator_value)/sum(denominator_value)/target,0.960124640927017,986.0,1081.0,0.946283672405909,4449.0,4949.0,0.943312314656421,25559.0,28521.0,0.928984895275587,70181.0,79522.0,0
311 CALL CENTER PERFORMANCE,2026-04-07 11:36:52,0.95,sum(numerator_value)/sum(denominator_value)/target,0.954176485991097,911.0,1005.0,0.954750619467207,4643.0,5119.0,0.940921935711763,21310.0,23840.0,0.920275948644649,72722.0,83181.0,0
311 CALL CENTER PERFORMANCE,2026-04-10 10:58:07,0.95,sum(numerator_value)/sum(denominator_value)/target,0.87678307919331,713.0,856.0,0.954750619467207,4643.0,5119.0,0.940921935711763,21310.0,23840.0,0.920275948644649,72722.0,83181.0,0
311 CALL CENTER PERFORMANCE,2026-05-16 07:20:15,0.95,sum(numerator_value)/sum(denominator_value)/target,0.989847715736041,741.0,788.0,0.980634610398676,4917.0,5278.0,0.942729614196907,20973.0,23418.0,0.942380231712577,67842.0,75779.0,1
BFD INCIDENTS,2026-03-25 11:24:49,,historical_average / current_average,0.906156343656344,188.480519480519,208.0,0.864589538901466,188.480519480519,218.0,0.912408968815984,206.237012987013,226.035714285714,0.888369272906256,203.377338877339,228.933333333333,0
BFD INCIDENTS,2026-03-31 10:03:56,,historical_average / current_average,,185.597402597403,,0.91814969482814,185.597402597403,202.142857142857,0.912408968815984,206.237012987013,226.035714285714,0.888369272906256,203.377338877339,228.933333333333,0
BFD INCIDENTS,2026-04-07 11:36:52,,historical_average / current_average,0.900189012865069,191.74025974026,213.0,0.957333679159642,191.74025974026,200.285714285714,0.91329036218539,191.967741935484,210.193548387097,0.902412265664642,199.40303030303,220.966666666667,0
BFD INCIDENTS,2026-04-10 10:58:07,,historical_average / current_average,,191.74025974026,,0.957333679159642,191.74025974026,200.285714285714,0.91329036218539,191.967741935484,210.193548387097,0.902412265664642,199.40303030303,220.966666666667,0
BFD INCIDENTS,2026-05-16 07:20:14,,historical_average / current_average,,200.662337662338,,0.846676530220834,200.662337662338,237.0,0.911840522426534,192.945454545455,211.6,0.912520189652478,196.786516853933,215.651685393258,1
BFD RESPONSE TIME,2026-03-25 11:24:56,0.9,sum(numerator_value)/sum(denominator_value)/target,,,,0.920914148248384,1225.0,1478.0,0.862763813766041,4881.0,6286.0,0.890276558146594,16424.0,20498.0,0
BFD RESPONSE TIME,2026-03-31 10:03:58,0.9,sum(numerator_value)/sum(denominator_value)/target,,,,0.885091763854986,979.0,1229.0,0.862763813766041,4881.0,6286.0,0.890276558146594,16424.0,20498.0,0
BFD RESPONSE TIME,2026-04-07 11:36:53,0.9,sum(numerator_value)/sum(denominator_value)/target,,,,0.933237616654702,1170.0,1393.0,0.89659050247917,5262.0,6521.0,0.882380992454206,15728.0,19805.0,0
BFD RESPONSE TIME,2026-04-10 10:58:07,0.9,sum(numerator_value)/sum(denominator_value)/target,,,,0.933237616654702,1170.0,1393.0,0.89659050247917,5262.0,6521.0,0.882380992454206,15728.0,19805.0,0
BFD RESPONSE TIME,2026-05-16 07:20:15,0.9,sum(numerator_value)/sum(denominator_value)/target,,,,0.920418559823764,1337.0,1614.0,0.920793973870536,5293.0,6387.0,0.893566276498443,15436.0,19194.0,1
BPS ATTENDANCE,2026-03-25 11:24:56,0.95,average(sum(numerator_value)/sum(denominator_value))/target,,,,,,,,,,,,,0
BPS ATTENDANCE,2026-03-31 10:03:58,0.95,average(sum(numerator_value)/sum(denominator_value))/target,,,,,,,,,,,,,0
BPS ATTENDANCE,2026-04-07 11:36:53,0.95,average(sum(numerator_value)/sum(denominator_value))/target,,,,,,,,,,,,,0
BPS ATTENDANCE,2026-04-10 10:58:07,0.95,average(sum(numerator_value)/sum(denominator_value))/target,,,,,,,,,,,,,0
BPS ATTENDANCE,2026-05-16 07:20:15,0.95,average(sum(numerator_value)/sum(denominator_value))/target,,,,,,,,,,,,,1
CITY SERVICES SATISFACTION SURVEYS,2026-03-25 11:24:50,4.0,sum(numerator_value)/sum(denominator_value)/target,,,,1.25,10.0,2.0,1.04166666666667,50.0,12.0,1.11111111111111,160.0,36.0,0
CITY SERVICES SATISFACTION SURVEYS,2026-03-25 11:25:11,4.0,sum(numerator_value)/sum(denominator_value)/target,1.25,5.0,1.0,0.642857142857143,18.0,7.0,0.604166666666667,58.0,24.0,0.678240740740741,293.0,108.0,0
CITY SERVICES SATISFACTION SURVEYS,2026-03-31 10:03:57,4.0,sum(numerator_value)/sum(denominator_value)/target,,,,1.1875,19.0,4.0,1.04166666666667,50.0,12.0,1.11111111111111,160.0,36.0,0
CITY SERVICES SATISFACTION SURVEYS,2026-03-31 10:04:03,4.0,sum(numerator_value)/sum(denominator_value)/target,0.916666666666667,11.0,3.0,0.983333333333333,59.0,15.0,0.604166666666667,58.0,24.0,0.678240740740741,293.0,108.0,0
CITY SERVICES SATISFACTION SURVEYS,2026-04-07 11:36:52,4.0,sum(numerator_value)/sum(denominator_value)/target,,,,1.125,9.0,2.0,1.07142857142857,30.0,7.0,1.10606060606061,146.0,33.0,0
CITY SERVICES SATISFACTION SURVEYS,2026-04-07 11:36:59,4.0,sum(numerator_value)/sum(denominator_value)/target,1.16666666666667,14.0,3.0,0.691176470588235,47.0,17.0,0.804054054054054,119.0,37.0,0.719262295081967,351.0,122.0,0
CITY SERVICES SATISFACTION SURVEYS,2026-04-10 10:58:07,4.0,sum(numerator_value)/sum(denominator_value)/target,1.25,5.0,1.0,1.125,9.0,2.0,1.07142857142857,30.0,7.0,1.10606060606061,146.0,33.0,0
CITY SERVICES SATISFACTION SURVEYS,2026-04-10 10:58:10,4.0,sum(numerator_value)/sum(denominator_value)/target,1.25,5.0,1.0,0.691176470588235,47.0,17.0,0.804054054054054,119.0,37.0,0.719262295081967,351.0,122.0,0
CITY SERVICES SATISFACTION SURVEYS,2026-05-16 07:20:15,4.0,sum(numerator_value)/sum(denominator_value)/target,,,,1.25,15.0,3.0,1.15384615384615,60.0,13.0,1.09375,140.0,32.0,1
CITY SERVICES SATISFACTION SURVEYS,2026-05-16 07:20:18,4.0,sum(numerator_value)/sum(denominator_value)/target,1.25,10.0,2.0,0.816666666666667,49.0,15.0,0.805555555555556,203.0,63.0,0.766129032258065,380.0,124.0,1
CODE ENFORCEMENT ON-TIME %,2026-03-25 11:25:08,0.8,sum(numerator_value)/sum(denominator_value)/target,1.25,51.0,51.0,1.24540441176471,271.0,272.0,1.18653341114678,3253.0,3427.0,1.19260477757116,6670.0,6991.0,0
CODE ENFORCEMENT ON-TIME %,2026-03-31 10:04:02,0.8,sum(numerator_value)/sum(denominator_value)/target,1.25,39.0,39.0,1.24113475177305,280.0,282.0,1.18653341114678,3253.0,3427.0,1.19260477757116,6670.0,6991.0,0
CODE ENFORCEMENT ON-TIME %,2026-04-07 11:36:58,0.8,sum(numerator_value)/sum(denominator_value)/target,1.25,46.0,46.0,1.24577702702703,295.0,296.0,1.19357142857143,1671.0,1750.0,1.18637189975328,7309.0,7701.0,0
CODE ENFORCEMENT ON-TIME %,2026-04-10 10:58:09,0.8,sum(numerator_value)/sum(denominator_value)/target,1.25,28.0,28.0,1.24577702702703,295.0,296.0,1.19357142857143,1671.0,1750.0,1.18637189975328,7309.0,7701.0,0
CODE ENFORCEMENT ON-TIME %,2026-05-16 07:20:18,0.8,sum(numerator_value)/sum(denominator_value)/target,1.25,31.0,31.0,1.24067164179104,266.0,268.0,1.24490212071778,1221.0,1226.0,1.1996329845385,6145.0,6403.0,1
CODE ENFORCEMENT TRASH COLLECTION,2026-03-25 11:25:10,0.8,sum(numerator_value)/sum(denominator_value)/target,1.1228813559322,53.0,59.0,1.15441176470588,314.0,340.0,1.11202635914333,540.0,607.0,1.16693177801343,2641.0,2829.0,0
CODE ENFORCEMENT TRASH COLLECTION,2026-03-31 10:04:02,0.8,sum(numerator_value)/sum(denominator_value)/target,0.784883720930233,27.0,43.0,1.19087837837838,282.0,296.0,1.11202635914333,540.0,607.0,1.16693177801343,2641.0,2829.0,0
CODE ENFORCEMENT TRASH COLLECTION,2026-04-07 11:36:58,0.8,sum(numerator_value)/sum(denominator_value)/target,1.04591836734694,41.0,49.0,1.14864864864865,272.0,296.0,1.12049117421335,1168.0,1303.0,1.12563543936093,2480.0,2754.0,0
CODE ENFORCEMENT TRASH COLLECTION,2026-04-10 10:58:10,0.8,sum(numerator_value)/sum(denominator_value)/target,1.25,55.0,55.0,1.14864864864865,272.0,296.0,1.12049117421335,1168.0,1303.0,1.12563543936093,2480.0,2754.0,0
CODE ENFORCEMENT TRASH COLLECTION,2026-05-16 07:20:18,0.8,sum(numerator_value)/sum(denominator_value)/target,1.25,16.0,16.0,1.23062015503876,254.0,258.0,1.22156783103168,1203.0,1231.0,1.15846864056033,2911.0,3141.0,1
EMS RESPONSE TIME,2026-03-25 11:24:53,6.0,target / median,0.845070422535211,6.0,7.1,0.913705583756345,6.0,6.56666666666667,0.861244019138756,6.0,6.96666666666667,0.878048780487805,6.0,6.83333333333333,0
EMS RESPONSE TIME,2026-03-31 10:03:57,6.0,target / median,,6.0,,0.918367346938776,6.0,6.53333333333333,0.861244019138756,6.0,6.96666666666667,0.878048780487805,6.0,6.83333333333333,0
EMS RESPONSE TIME,2026-04-07 11:36:53,6.0,target / median,0.925449871465296,6.0,6.48333333333333,0.926640926640927,6.0,6.475,0.9,6.0,6.66666666666667,0.878048780487805,6.0,6.83333333333333,0
EMS RESPONSE TIME,2026-04-10 10:58:07,6.0,target / median,,6.0,,0.926640926640927,6.0,6.475,0.9,6.0,6.66666666666667,0.878048780487805,6.0,6.83333333333333,0
EMS RESPONSE TIME,2026-05-16 07:20:15,6.0,target / median,,6.0,,0.962566844919786,6.0,6.23333333333333,0.920716112531969,6.0,6.51666666666667,0.893300248138958,6.0,6.71666666666667,1
GRAFFITI ON-TIME %,2026-03-25 11:25:03,0.8,sum(numerator_value)/sum(denominator_value)/target,,,,0.833333333333333,10.0,15.0,1.0,4.0,5.0,1.14864864864865,34.0,37.0,0
GRAFFITI ON-TIME %,2026-03-31 10:04:00,0.8,sum(numerator_value)/sum(denominator_value)/target,1.25,4.0,4.0,1.10294117647059,15.0,17.0,1.0,4.0,5.0,1.14864864864865,34.0,37.0,0
GRAFFITI ON-TIME %,2026-04-07 11:36:55,0.8,sum(numerator_value)/sum(denominator_value)/target,1.25,1.0,1.0,1.25,7.0,7.0,1.015625,39.0,48.0,1.05072463768116,58.0,69.0,0
GRAFFITI ON-TIME %,2026-04-10 10:58:08,0.8,sum(numerator_value)/sum(denominator_value)/target,,,,1.25,7.0,7.0,1.015625,39.0,48.0,1.05072463768116,58.0,69.0,0
GRAFFITI ON-TIME %,2026-05-16 07:20:16,0.8,sum(numerator_value)/sum(denominator_value)/target,,,,0.795454545454545,28.0,44.0,0.73051948051948,45.0,77.0,0.846153846153846,88.0,130.0,1
HOMICIDES (TREND),2026-03-25 11:25:00,,historical_average / current_average,,0.0357142857142857,,,0.0357142857142857,,3.16666666666667,0.113095238095238,0.0357142857142857,2.58792775665399,0.115019011406844,0.0444444444444444,0
HOMICIDES (TREND),2026-03-31 10:03:58,,historical_average / current_average,,0.0595238095238095,,,0.0595238095238095,,3.16666666666667,0.113095238095238,0.0357142857142857,2.58792775665399,0.115019011406844,0.0444444444444444,0
HOMICIDES (TREND),2026-04-07 11:36:54,,historical_average / current_average,,0.0714285714285714,,,0.0714285714285714,,1.83333333333333,0.0591397849462366,0.032258064516129,2.1875,0.0972222222222222,0.0444444444444444,0
HOMICIDES (TREND),2026-04-10 10:58:08,,historical_average / current_average,,0.0714285714285714,,,0.0714285714285714,,1.83333333333333,0.0591397849462366,0.032258064516129,2.1875,0.0972222222222222,0.0444444444444444,0
HOMICIDES (TREND),2026-05-16 07:20:16,,historical_average / current_average,,0.19047619047619,,1.33333333333333,0.19047619047619,0.142857142857143,,0.0972222222222222,,3.95833333333333,0.0889513108614232,0.0224719101123595,1
LIBRARY USERS,2026-03-25 11:24:48,,current_average / historical_average,1.80921194835594,21789.0,12043.3650793651,1.74962964525023,21071.4285714286,12043.3650793651,1.69116001820558,20569.0357142857,12162.6785714286,1.69447520822051,20327.9666666667,11996.6149802891,0
LIBRARY USERS,2026-03-31 10:03:56,,current_average / historical_average,1.915888502476,23103.0,12058.6349206349,1.7430070528397,21018.2857142857,12058.6349206349,1.69116001820558,20569.0357142857,12162.6785714286,1.69447520822051,20327.9666666667,11996.6149802891,0
LIBRARY USERS,2026-04-07 11:36:51,,current_average / historical_average,1.96558607664539,23491.0,11951.1428571429,1.73922398336083,20785.7142857143,11951.1428571429,1.75093032440659,21149.6129032258,12079.0716845878,1.71261245989076,20989.6222222222,12255.9088607595,0
LIBRARY USERS,2026-04-10 10:58:06,,current_average / historical_average,1.68209854407229,20103.0,11951.1428571429,1.73922398336083,20785.7142857143,11951.1428571429,1.75093032440659,21149.6129032258,12079.0716845878,1.71261245989076,20989.6222222222,12255.9088607595,0
LIBRARY USERS,2026-05-16 07:20:14,,current_average / historical_average,,,11632.7419354839,1.77338118808939,20629.2857142857,11632.7419354839,1.78688807031805,20768.6666666667,11622.8134328358,1.74346117305881,20838.5505617978,11952.4030037547,1
MISSED TRASH ON-TIME %,2026-03-25 11:25:04,0.8,sum(numerator_value)/sum(denominator_value)/target,1.25,15.0,15.0,1.21268656716418,65.0,67.0,1.19827586206897,556.0,580.0,1.19527829893684,1529.0,1599.0,0
MISSED TRASH ON-TIME %,2026-03-31 10:04:00,0.8,sum(numerator_value)/sum(denominator_value)/target,1.125,9.0,10.0,1.23106060606061,65.0,66.0,1.19827586206897,556.0,580.0,1.19527829893684,1529.0,1599.0,0
MISSED TRASH ON-TIME %,2026-04-07 11:36:56,0.8,sum(numerator_value)/sum(denominator_value)/target,1.25,11.0,11.0,1.19565217391304,44.0,46.0,1.20652173913043,333.0,345.0,1.19321922317314,1450.0,1519.0,0
MISSED TRASH ON-TIME %,2026-04-10 10:58:09,0.8,sum(numerator_value)/sum(denominator_value)/target,1.17647058823529,16.0,17.0,1.19565217391304,44.0,46.0,1.20652173913043,333.0,345.0,1.19321922317314,1450.0,1519.0,0
MISSED TRASH ON-TIME %,2026-05-16 07:20:17,0.8,sum(numerator_value)/sum(denominator_value)/target,1.25,11.0,11.0,1.23106060606061,65.0,66.0,1.19767441860465,412.0,430.0,1.20018450184502,1301.0,1355.0,1
ON-TIME PERMIT REVIEWS,2026-03-25 11:25:10,1.0,sum(numerator_value)/sum(denominator_value)/target,,,,0.636363636363636,161.0,253.0,0.666301969365427,609.0,914.0,0.694350758853288,1647.0,2372.0,0
ON-TIME PERMIT REVIEWS,2026-03-31 10:04:03,1.0,sum(numerator_value)/sum(denominator_value)/target,,,,0.598930481283422,112.0,187.0,0.666301969365427,609.0,914.0,0.694350758853288,1647.0,2372.0,0
ON-TIME PERMIT REVIEWS,2026-04-07 11:36:59,1.0,sum(numerator_value)/sum(denominator_value)/target,,,,0.758196721311475,185.0,244.0,0.651286601597161,734.0,1127.0,0.654002213205459,1773.0,2711.0,0
ON-TIME PERMIT REVIEWS,2026-04-10 10:58:10,1.0,sum(numerator_value)/sum(denominator_value)/target,,,,0.75609756097561,186.0,246.0,0.650709219858156,734.0,1128.0,0.653761061946903,1773.0,2712.0,0
ON-TIME PERMIT REVIEWS,2026-05-16 07:20:18,1.0,sum(numerator_value)/sum(denominator_value)/target,,,,0.712820512820513,139.0,195.0,0.695519348268839,683.0,982.0,0.669864373139266,2025.0,3023.0,1
PARKS MAINTENANCE ON-TIME %,2026-03-25 11:25:07,0.8,sum(numerator_value)/sum(denominator_value)/target,,,,,,,,,,,,,0
PARKS MAINTENANCE ON-TIME %,2026-03-31 10:04:02,0.8,sum(numerator_value)/sum(denominator_value)/target,,,,,,,,,,,,,0
PARKS MAINTENANCE ON-TIME %,2026-04-07 11:36:57,0.8,sum(numerator_value)/sum(denominator_value)/target,,,,,,,,,,,,,0
PARKS MAINTENANCE ON-TIME %,2026-04-10 10:58:09,0.8,sum(numerator_value)/sum(denominator_value)/target,,,,,,,,,,,,,0
PARKS MAINTENANCE ON-TIME %,2026-05-16 07:20:17,0.8,sum(numerator_value)/sum(denominator_value)/target,,,,,,,,,,,,,1
PART 1 CRIMES,2026-03-25 11:25:02,,historical_average / current_average,,40.1785714285714,,1.14329268292683,40.1785714285714,35.1428571428571,1.10366059379217,38.9434523809524,35.2857142857143,1.19532049938625,42.1682509505703,35.2777777777778,0
PART 1 CRIMES,2026-03-31 10:03:59,,historical_average / current_average,,41.5119047619048,,1.45291666666667,41.5119047619048,28.5714285714286,1.10366059379217,38.9434523809524,35.2857142857143,1.19456801559689,42.1682509505703,35.3,0
PART 1 CRIMES,2026-04-07 11:36:55,,historical_average / current_average,,40.6428571428571,,1.36778846153846,40.6428571428571,29.7142857142857,1.01400329489292,39.7096774193548,39.1612903225806,1.11515011783994,40.3064814814815,36.1444444444444,0
PART 1 CRIMES,2026-04-10 10:58:08,,historical_average / current_average,,40.6428571428571,,1.0984555984556,40.6428571428571,37.0,1.00736497545008,39.7096774193548,39.4193548387097,1.11173255695168,40.3064814814815,36.2555555555556,0
PART 1 CRIMES,2026-05-16 07:20:16,,historical_average / current_average,,42.2142857142857,,1.07065217391304,42.2142857142857,39.4285714285714,0.976309067688378,42.4694444444444,43.5,1.00606230180936,40.4007490636704,40.1573033707865,1
POTHOLE ON-TIME %,2026-03-25 11:25:04,0.8,sum(numerator_value)/sum(denominator_value)/target,1.25,1.0,1.0,0.506912442396313,88.0,217.0,0.610902255639098,130.0,266.0,0.627561475409836,245.0,488.0,0
POTHOLE ON-TIME %,2026-03-31 10:04:00,0.8,sum(numerator_value)/sum(denominator_value)/target,0.503246753246753,31.0,77.0,0.548245614035088,50.0,114.0,0.610902255639098,130.0,266.0,0.627561475409836,245.0,488.0,0
POTHOLE ON-TIME %,2026-04-07 11:36:56,0.8,sum(numerator_value)/sum(denominator_value)/target,1.02272727272727,18.0,22.0,0.567602040816326,89.0,196.0,0.524928092042186,438.0,1043.0,0.55256064690027,656.0,1484.0,0
POTHOLE ON-TIME %,2026-04-10 10:58:08,0.8,sum(numerator_value)/sum(denominator_value)/target,0.808823529411765,11.0,17.0,0.567602040816326,89.0,196.0,0.524928092042186,438.0,1043.0,0.55256064690027,656.0,1484.0,0
POTHOLE ON-TIME %,2026-05-16 07:20:17,0.8,sum(numerator_value)/sum(denominator_value)/target,0.5,2.0,5.0,0.80188679245283,34.0,53.0,0.661764705882353,180.0,340.0,0.56701030927835,748.0,1649.0,1
SHOOTINGS (TREND),2026-03-25 11:25:01,,historical_average / current_average,,0.738095238095238,,2.58333333333333,0.738095238095238,0.285714285714286,0.985294117647059,0.598214285714286,0.607142857142857,1.65969581749049,0.737642585551331,0.444444444444444,0
SHOOTINGS (TREND),2026-03-31 10:03:59,,historical_average / current_average,,0.952380952380952,,2.22222222222222,0.952380952380952,0.428571428571429,0.985294117647059,0.598214285714286,0.607142857142857,1.65969581749049,0.737642585551331,0.444444444444444,0
SHOOTINGS (TREND),2026-04-07 11:36:54,,historical_average / current_average,,0.952380952380952,,3.33333333333333,0.952380952380952,0.285714285714286,2.02777777777778,0.78494623655914,0.387096774193548,1.51587301587302,0.707407407407407,0.466666666666667,0
SHOOTINGS (TREND),2026-04-10 10:58:08,,historical_average / current_average,,0.952380952380952,,3.33333333333333,0.952380952380952,0.285714285714286,2.02777777777778,0.78494623655914,0.387096774193548,1.51587301587302,0.707407407407407,0.466666666666667,0
SHOOTINGS (TREND),2026-05-16 07:20:16,,historical_average / current_average,,0.785714285714286,,0.611111111111111,0.785714285714286,1.28571428571429,1.47549019607843,0.836111111111111,0.566666666666667,1.37847222222222,0.743445692883895,0.539325842696629,1
SIGN INSTALLATION ON-TIME %,2026-03-25 11:25:07,0.8,sum(numerator_value)/sum(denominator_value)/target,,,,1.25,2.0,2.0,0.348557692307692,29.0,104.0,0.238199300699301,109.0,572.0,0
SIGN INSTALLATION ON-TIME %,2026-03-31 10:04:01,0.8,sum(numerator_value)/sum(denominator_value)/target,0.0,0.0,4.0,1.25,4.0,4.0,0.348557692307692,29.0,104.0,0.238199300699301,109.0,572.0,0
SIGN INSTALLATION ON-TIME %,2026-04-07 11:36:57,0.8,sum(numerator_value)/sum(denominator_value)/target,,,,0.1875,6.0,40.0,0.339673913043478,25.0,92.0,0.329701834862385,115.0,436.0,0
SIGN INSTALLATION ON-TIME %,2026-04-10 10:58:09,0.8,sum(numerator_value)/sum(denominator_value)/target,0.3125,11.0,44.0,0.1875,6.0,40.0,0.339673913043478,25.0,92.0,0.329701834862385,115.0,436.0,0
SIGN INSTALLATION ON-TIME %,2026-05-16 07:20:17,0.8,sum(numerator_value)/sum(denominator_value)/target,,,,0.100806451612903,10.0,124.0,0.185810810810811,66.0,444.0,0.234375,120.0,640.0,1
SIGNAL REPAIR ON-TIME %,2026-03-25 11:25:05,0.8,sum(numerator_value)/sum(denominator_value)/target,1.25,8.0,8.0,1.25,39.0,39.0,1.10869565217391,102.0,115.0,1.17331288343558,306.0,326.0,0
SIGNAL REPAIR ON-TIME %,2026-03-31 10:04:01,0.8,sum(numerator_value)/sum(denominator_value)/target,1.25,1.0,1.0,1.21710526315789,37.0,38.0,1.10869565217391,102.0,115.0,1.17331288343558,306.0,326.0,0
SIGNAL REPAIR ON-TIME %,2026-04-07 11:36:57,0.8,sum(numerator_value)/sum(denominator_value)/target,0.833333333333333,4.0,6.0,1.16379310344828,27.0,29.0,1.24125874125874,142.0,143.0,1.1878453038674,344.0,362.0,0
SIGNAL REPAIR ON-TIME %,2026-04-10 10:58:09,0.8,sum(numerator_value)/sum(denominator_value)/target,1.07142857142857,6.0,7.0,1.16379310344828,27.0,29.0,1.24125874125874,142.0,143.0,1.1878453038674,344.0,362.0,0
SIGNAL REPAIR ON-TIME %,2026-05-16 07:20:17,0.8,sum(numerator_value)/sum(denominator_value)/target,1.25,5.0,5.0,1.25,35.0,35.0,1.18534482758621,110.0,116.0,1.1831550802139,354.0,374.0,1
STABBINGS (TREND),2026-03-25 11:25:01,,historical_average / current_average,,1.16666666666667,,0.907407407407407,1.16666666666667,1.28571428571429,0.97972972972973,1.29464285714286,1.32142857142857,1.42656844106464,1.2680608365019,0.888888888888889,0
STABBINGS (TREND),2026-03-31 10:03:59,,historical_average / current_average,,1.23809523809524,,4.33333333333333,1.23809523809524,0.285714285714286,0.97972972972973,1.29464285714286,1.32142857142857,1.42656844106464,1.2680608365019,0.888888888888889,0
STABBINGS (TREND),2026-04-07 11:36:55,,historical_average / current_average,,1.22619047619048,,1.43055555555556,1.22619047619048,0.857142857142857,1.11363636363636,1.18548387096774,1.06451612903226,1.24074074074074,1.24074074074074,1.0,0
STABBINGS (TREND),2026-04-10 10:58:08,,historical_average / current_average,,1.22619047619048,,1.22619047619048,1.22619047619048,1.0,1.11363636363636,1.18548387096774,1.06451612903226,1.24074074074074,1.24074074074074,1.0,0
STABBINGS (TREND),2026-05-16 07:20:16,,historical_average / current_average,,1.57142857142857,,1.83333333333333,1.57142857142857,0.857142857142857,1.1452380952381,1.33611111111111,1.16666666666667,1.06682389937107,1.27059925093633,1.19101123595506,1
STREETLIGHT ON-TIME %,2026-03-25 11:25:05,0.8,sum(numerator_value)/sum(denominator_value)/target,,,,,,,,,,,,,0
STREETLIGHT ON-TIME %,2026-03-31 10:04:01,0.8,sum(numerator_value)/sum(denominator_value)/target,,,,,,,,,,,,,0
STREETLIGHT ON-TIME %,2026-04-07 11:36:56,0.8,sum(numerator_value)/sum(denominator_value)/target,,,,,,,,,,,,,0
STREETLIGHT ON-TIME %,2026-04-10 10:58:09,0.8,sum(numerator_value)/sum(denominator_value)/target,,,,,,,,,,,,,0
STREETLIGHT ON-TIME %,2026-05-16 07:20:17,0.8,sum(numerator_value)/sum(denominator_value)/target,,,,,,,,,,,,,1
TREE MAINTENANCE ON-TIME %,2026-03-25 11:25:07,0.8,sum(numerator_value)/sum(denominator_value)/target,,,,,,,,,,,,,0
TREE MAINTENANCE ON-TIME %,2026-03-31 10:04:02,0.8,sum(numerator_value)/sum(denominator_value)/target,,,,,,,,,,,,,0
TREE MAINTENANCE ON-TIME %,2026-04-07 11:36:58,0.8,sum(numerator_value)/sum(denominator_value)/target,,,,,,,,,,,,,0
TREE MAINTENANCE ON-TIME %,2026-04-10 10:58:09,0.8,sum(numerator_value)/sum(denominator_value)/target,,,,,,,,,,,,,0
TREE MAINTENANCE ON-TIME %,2026-05-16 07:20:18,0.8,sum(numerator_value)/sum(denominator_value)/target,,,,,,,,,,,,,1
